sample_id,instrument,quantification,quality_label
X0841_5008_20160109,fusion2,DDA,bad
X0842_5008_20160215,fusion2,DDA,bad
X0843_5008_20160218,fusion2,DDA,bad
X0844_5008_20160219,fusion2,DDA,bad
X0845_5008_20160223,fusion2,DDA,bad
X0846_5008_20160224,fusion2,DDA,bad
X0847_5008_20160301,fusion2,DDA,bad
X0848_5008_20160302,fusion2,DDA,bad
X0849_5008_20160304,fusion2,DDA,bad
X0850_5008_20160306,fusion2,DDA,bad
X0851_5008_20160317,fusion2,DDA,good
X0852_5008_20160319,fusion2,DDA,bad
X0853_5008_20160321,fusion2,DDA,bad
X0854_5008_20160329,fusion2,DDA,bad
X0855_5008_20160330,fusion2,DDA,bad
X0856_5008_20160331,fusion2,DDA,bad
X0857_5008_20160401,fusion2,DDA,good
X0858_5008_20160403,fusion2,DDA,good
X0859_5008_20160405,fusion2,DDA,good
X0860_5008_20160407,fusion2,DDA,good
X0861_5008_20160412,fusion2,DDA,bad
X0862_5008_20160414,fusion2,DDA,good
X0863_5008_20160419,fusion2,DDA,good
X0864_5008_20160421,fusion2,DDA,good
X0865_5008_20160423,fusion2,DDA,good
X0866_5008_20160503,fusion2,DDA,good
X0867_5008_20160504,fusion2,DDA,good
X0868_5008_20160508,fusion2,DDA,good
X0869_5008_20160509,fusion2,DDA,good
X0870_5008_20160511,fusion2,DDA,good
X0871_5008_20160512,fusion2,DDA,good
X0872_5008_20160516,fusion2,DDA,good
X0873_5008_20160517,fusion2,DDA,good
X0874_5008_20160520,fusion2,DDA,good
X0875_5008_20160526,fusion2,DDA,bad
X0876_5008_20160530,fusion2,DDA,good
X0877_5008_20160531,fusion2,DDA,good
X0878_5008_20160602,fusion2,DDA,good
X0879_5008_20160603,fusion2,DDA,bad
X0880_5008_20160604,fusion2,DDA,good
X0881_5008_20160605,fusion2,DDA,good
X0882_5008_20160606,fusion2,DDA,good
X0883_5008_20160609,fusion2,DDA,bad
X0884_5008_20160612,fusion2,DDA,good
X0885_5008_20160615,fusion2,DDA,good
X0886_5008_20160621,fusion2,DDA,bad
X0887_5008_20160623,fusion2,DDA,good
X0888_5008_20160625,fusion2,DDA,good
X0889_5008_20160628,fusion2,DDA,good
X0890_5008_20160630,fusion2,DDA,good
X0891_5008_20160701,fusion2,DDA,good
X0892_5008_20160702,fusion2,DDA,good
X0893_5008_20160703,fusion2,DDA,good
X0894_5008_20160705,fusion2,DDA,good
X0895_5008_20160708,fusion2,DDA,good
X0896_5008_20160724,fusion2,DDA,good
X0897_5008_20160727,fusion2,DDA,good
X0898_5008_20160728,fusion2,DDA,good
X0899_5008_20160729,fusion2,DDA,good
X0900_5008_20160730,fusion2,DDA,good
X0901_5008_20160731,fusion2,DDA,good
X0902_5008_20160805,fusion2,DDA,good
X0903_5008_20160806,fusion2,DDA,good
X0904_5008_20160808,fusion2,DDA,good
X0905_5008_20160809,fusion2,DDA,good
X0906_5008_20160811,fusion2,DDA,good
X0907_5008_20160813,fusion2,DDA,good
X0908_5008_20160814,fusion2,DDA,good
X0909_5008_20160817,fusion2,DDA,good
X0910_5008_20160823,fusion2,DDA,good
X0911_5008_20160829,fusion2,DDA,good
X0912_5008_20160831,fusion2,DDA,good
X0913_5008_20160902,fusion2,DDA,good
X0914_5008_20160905,fusion2,DDA,good
X0915_5008_20160908,fusion2,DDA,good
X0916_5008_20160910,fusion2,DDA,good
X0917_5008_20160912,fusion2,DDA,good
X0918_5008_20160914,fusion2,DDA,good
X0919_5008_20160917,fusion2,DDA,good
X0920_5008_20160920,fusion2,DDA,good
X0921_5008_20160922,fusion2,DDA,good
X0922_5008_20160923,fusion2,DDA,good
X0923_5008_20160926,fusion2,DDA,good
X0924_5008_20160930,fusion2,DDA,bad
X0925_5008_20161003,fusion2,DDA,good
X0926_5008_20161005,fusion2,DDA,good
X0927_5008_20161007,fusion2,DDA,good
X0928_5008_20161008,fusion2,DDA,good
X0929_5008_20161016,fusion2,DDA,good
X0930_5008_20161017,fusion2,DDA,good
X0931_5008_20161019,fusion2,DDA,bad
X0932_5008_20161021,fusion2,DDA,bad
X0933_5008_20161023,fusion2,DDA,bad
X0934_5008_20161026,fusion2,DDA,bad
X0935_5008_20161028,fusion2,DDA,bad
X0936_5008_20161029,fusion2,DDA,bad
X0937_5008_20161030,fusion2,DDA,bad
X0938_5008_20161102,fusion2,DDA,bad
X0939_5008_20161104,fusion2,DDA,bad
X0940_5008_20161105,fusion2,DDA,bad
X0941_5008_20161106,fusion2,DDA,bad
X0942_5008_20161107,fusion2,DDA,bad
X0943_5008_20161110,fusion2,DDA,bad
X0944_5008_20161116,fusion2,DDA,good
X0945_5008_20161120,fusion2,DDA,good
X0946_5008_20161123,fusion2,DDA,good
X0947_5008_20161125,fusion2,DDA,good
X0948_5008_20161127,fusion2,DDA,good
X0949_5008_20161128,fusion2,DDA,good
X0950_5008_20161201,fusion2,DDA,good
X0951_5008_20161208,fusion2,DDA,good
X0952_5008_20161209,fusion2,DDA,good
X0953_5008_20161214,fusion2,DDA,good
X0954_5008_20161215,fusion2,DDA,good
X0955_5008_20161221,fusion2,DDA,good
X0956_5008_20161222,fusion2,DDA,good
X0957_5008_20161226,fusion2,DDA,good
X0958_5008_20161227,fusion2,DDA,good
X0959_5008_20161229,fusion2,DDA,good
X0960_5008_20161231,fusion2,DDA,bad
X0961_5009_20160110,fusion3,DDA,bad
X0962_5009_20160114,fusion3,DDA,bad
X0963_5009_20160115,fusion3,DDA,bad
X0964_5009_20160118,fusion3,DDA,bad
X0965_5009_20160120,fusion3,DDA,bad
X0966_5009_20160121,fusion3,DDA,bad
X0967_5009_20160125,fusion3,DDA,bad
X0968_5009_20160127,fusion3,DDA,bad
X0969_5009_20160129,fusion3,DDA,bad
X0970_5009_20160131,fusion3,DDA,bad
X0971_5009_20160201,fusion3,DDA,bad
X0972_5009_20160216,fusion3,DDA,bad
X0973_5009_20160218,fusion3,DDA,bad
X0974_5009_20160220,fusion3,DDA,bad
X0975_5009_20160222,fusion3,DDA,bad
X0976_5009_20160301,fusion3,DDA,bad
X0977_5009_20160314,fusion3,DDA,bad
X0978_5009_20160316,fusion3,DDA,bad
X0979_5009_20160318,fusion3,DDA,bad
X0980_5009_20160319,fusion3,DDA,bad
X0981_5009_20160321,fusion3,DDA,bad
X0982_5009_20160408,fusion3,DDA,bad
X0983_5009_20160415,fusion3,DDA,good
X0984_5009_20160420,fusion3,DDA,good
X0985_5009_20160422,fusion3,DDA,bad
X0986_5009_20160430,fusion3,DDA,bad
X0987_5009_20160430,fusion3,DDA,bad
X0988_5009_20160502,fusion3,DDA,bad
X0989_5009_20160503,fusion3,DDA,bad
X0990_5009_20160512,fusion3,DDA,good
X0991_5009_20160518,fusion3,DDA,bad
X0992_5009_20160521,fusion3,DDA,bad
X0993_5009_20160524,fusion3,DDA,bad
X0994_5009_20160527,fusion3,DDA,bad
X0995_5009_20160529,fusion3,DDA,good
X0996_5009_20160530,fusion3,DDA,good
X0997_5009_20160531,fusion3,DDA,good
X0998_5009_20160602,fusion3,DDA,bad
X0999_5009_20160604,fusion3,DDA,good
X1000_5009_20160606,fusion3,DDA,good
X1001_5009_20160613,fusion3,DDA,good
X1002_5009_20160615,fusion3,DDA,good
X1003_5009_20160616,fusion3,DDA,good
X1004_5009_20160620,fusion3,DDA,good
X1005_5009_20160622,fusion3,DDA,good
X1006_5009_20160627,fusion3,DDA,good
X1007_5009_20160628,fusion3,DDA,good
X1008_5009_20160701,fusion3,DDA,good
X1009_5009_20160704,fusion3,DDA,good
X1010_5009_20160706,fusion3,DDA,good
X1011_5009_20160711,fusion3,DDA,good
X1012_5009_20160712,fusion3,DDA,good
X1013_5009_20160714,fusion3,DDA,good
X1014_5009_20160715,fusion3,DDA,good
X1015_5009_20160718,fusion3,DDA,good
X1016_5009_20160720,fusion3,DDA,good
X1017_5009_20160722,fusion3,DDA,good
X1018_5009_20160725,fusion3,DDA,good
X1019_5009_20160727,fusion3,DDA,good
X1020_5009_20160729,fusion3,DDA,good
X1021_5009_20160730,fusion3,DDA,good
X1022_5009_20160801,fusion3,DDA,good
X1023_5009_20160804,fusion3,DDA,good
X1024_5009_20160806,fusion3,DDA,good
X1025_5009_20160808,fusion3,DDA,good
X1026_5009_20160810,fusion3,DDA,good
X1027_5009_20160812,fusion3,DDA,good
X1028_5009_20160816,fusion3,DDA,good
X1029_5009_20160819,fusion3,DDA,good
X1030_5009_20160820,fusion3,DDA,good
X1031_5009_20160822,fusion3,DDA,good
X1032_5009_20160826,fusion3,DDA,good
X1033_5009_20160828,fusion3,DDA,good
X1034_5009_20160902,fusion3,DDA,good
X1035_5009_20160903,fusion3,DDA,good
X1036_5009_20160905,fusion3,DDA,good
X1037_5009_20160907,fusion3,DDA,good
X1038_5009_20160908,fusion3,DDA,good
X1039_5009_20160911,fusion3,DDA,good
X1040_5009_20160914,fusion3,DDA,good
X1041_5009_20160916,fusion3,DDA,good
X1042_5009_20160918,fusion3,DDA,good
X1043_5009_20160920,fusion3,DDA,good
X1044_5009_20160922,fusion3,DDA,good
X1045_5009_20160925,fusion3,DDA,good
X1046_5009_20160927,fusion3,DDA,bad
X1047_5009_20160929,fusion3,DDA,bad
X1048_5009_20161003,fusion3,DDA,bad
X1049_5009_20161005,fusion3,DDA,bad
X1050_5009_20161008,fusion3,DDA,bad
X1051_5009_20161010,fusion3,DDA,bad
X1052_5009_20161012,fusion3,DDA,bad
X1053_5009_20161015,fusion3,DDA,bad
X1054_5009_20161016,fusion3,DDA,bad
X1055_5009_20161018,fusion3,DDA,bad
X1056_5009_20161021,fusion3,DDA,bad
X1057_5009_20161022,fusion3,DDA,bad
X1058_5009_20161024,fusion3,DDA,bad
X1059_5009_20161027,fusion3,DDA,bad
X1060_5009_20161031,fusion3,DDA,bad
X1061_5009_20161103,fusion3,DDA,bad
X1062_5009_20161104,fusion3,DDA,bad
X1063_5009_20161107,fusion3,DDA,bad
X1064_5009_20161109,fusion3,DDA,bad
X1065_5009_20161110,fusion3,DDA,bad
X1066_5009_20161114,fusion3,DDA,bad
X1067_5009_20161115,fusion3,DDA,good
X1068_5009_20161116,fusion3,DDA,good
X1069_5009_20161117,fusion3,DDA,good
X1070_5009_20161119,fusion3,DDA,bad
X1071_5009_20161120,fusion3,DDA,good
X1072_5009_20161122,fusion3,DDA,good
X1073_5009_20161124,fusion3,DDA,good
X1074_5009_20161126,fusion3,DDA,good
X1075_5009_20161203,fusion3,DDA,good
X1076_5009_20161208,fusion3,DDA,good
X1077_5009_20161210,fusion3,DDA,good
X1078_5009_20161212,fusion3,DDA,good
X1079_5009_20161214,fusion3,DDA,good
X1080_5009_20161215,fusion3,DDA,good
X0721_5007_20160103,lumos1,DDA,bad
X0722_5007_20160105,lumos1,DDA,bad
X0723_5007_20160107,lumos1,DDA,bad
X0724_5007_20160109,lumos1,DDA,bad
X0725_5007_20160119,lumos1,DDA,bad
X0726_5007_20160125,lumos1,DDA,bad
X0727_5007_20160126,lumos1,DDA,bad
X0728_5007_20160215,lumos1,DDA,bad
X0729_5007_20160217,lumos1,DDA,bad
X0730_5007_20160221,lumos1,DDA,bad
X0731_5007_20160223,lumos1,DDA,bad
X0732_5007_20160224,lumos1,DDA,bad
X0733_5007_20160303,lumos1,DDA,bad
X0734_5007_20160304,lumos1,DDA,bad
X0735_5007_20160309,lumos1,DDA,bad
X0736_5007_20160312,lumos1,DDA,bad
X0737_5007_20160314,lumos1,DDA,bad
X0738_5007_20160315,lumos1,DDA,bad
X0739_5007_20160317,lumos1,DDA,bad
X0740_5007_20160320,lumos1,DDA,bad
X0741_5007_20160322,lumos1,DDA,bad
X0742_5007_20160324,lumos1,DDA,bad
X0743_5007_20160326,lumos1,DDA,bad
X0744_5007_20160328,lumos1,DDA,bad
X0745_5007_20160330,lumos1,DDA,bad
X0746_5007_20160401,lumos1,DDA,bad
X0747_5007_20160403,lumos1,DDA,good
X0748_5007_20160404,lumos1,DDA,good
X0749_5007_20160405,lumos1,DDA,good
X0750_5007_20160406,lumos1,DDA,bad
X0751_5007_20160407,lumos1,DDA,good
X0752_5007_20160407,lumos1,DDA,good
X0753_5007_20160409,lumos1,DDA,good
X0754_5007_20160410,lumos1,DDA,good
X0755_5007_20160416,lumos1,DDA,good
X0756_5007_20160419,lumos1,DDA,good
X0757_5007_20160421,lumos1,DDA,good
X0758_5007_20160514,lumos1,DDA,good
X0759_5007_20160517,lumos1,DDA,good
X0760_5007_20160518,lumos1,DDA,good
X0761_5007_20160522,lumos1,DDA,good
X0762_5007_20160524,lumos1,DDA,good
X0763_5007_20160527,lumos1,DDA,good
X0764_5007_20160529,lumos1,DDA,good
X0765_5007_20160531,lumos1,DDA,good
X0766_5007_20160601,lumos1,DDA,good
X0767_5007_20160602,lumos1,DDA,good
X0768_5007_20160604,lumos1,DDA,good
X0769_5007_20160605,lumos1,DDA,good
X0770_5007_20160611,lumos1,DDA,good
X0771_5007_20160613,lumos1,DDA,good
X0772_5007_20160615,lumos1,DDA,good
X0773_5007_20160620,lumos1,DDA,good
X0774_5007_20160622,lumos1,DDA,good
X0775_5007_20160624,lumos1,DDA,good
X0776_5007_20160627,lumos1,DDA,good
X0777_5007_20160629,lumos1,DDA,good
X0778_5007_20160701,lumos1,DDA,good
X0779_5007_20160703,lumos1,DDA,good
X0780_5007_20160708,lumos1,DDA,good
X0781_5007_20160713,lumos1,DDA,good
X0782_5007_20160714,lumos1,DDA,good
X0783_5007_20160715,lumos1,DDA,good
X0784_5007_20160717,lumos1,DDA,good
X0785_5007_20160718,lumos1,DDA,good
X0786_5007_20160721,lumos1,DDA,good
X0787_5007_20160725,lumos1,DDA,good
X0788_5007_20160726,lumos1,DDA,good
X0789_5007_20160729,lumos1,DDA,good
X0790_5007_20160801,lumos1,DDA,good
X0791_5007_20160803,lumos1,DDA,good
X0792_5007_20160808,lumos1,DDA,good
X0793_5007_20160809,lumos1,DDA,good
X0794_5007_20160812,lumos1,DDA,good
X0795_5007_20160814,lumos1,DDA,good
X0796_5007_20160828,lumos1,DDA,good
X0797_5007_20160903,lumos1,DDA,good
X0798_5007_20160906,lumos1,DDA,good
X0799_5007_20160908,lumos1,DDA,good
X0800_5007_20160911,lumos1,DDA,good
X0801_5007_20160914,lumos1,DDA,good
X0802_5007_20160916,lumos1,DDA,good
X0803_5007_20160919,lumos1,DDA,good
X0804_5007_20160921,lumos1,DDA,good
X0805_5007_20160923,lumos1,DDA,good
X0806_5007_20160925,lumos1,DDA,good
X0807_5007_20160927,lumos1,DDA,good
X0808_5007_20160928,lumos1,DDA,good
X0809_5007_20160930,lumos1,DDA,good
X0810_5007_20161001,lumos1,DDA,good
X0811_5007_20161003,lumos1,DDA,good
X0812_5007_20161004,lumos1,DDA,good
X0813_5007_20161010,lumos1,DDA,good
X0814_5007_20161011,lumos1,DDA,good
X0815_5007_20161016,lumos1,DDA,good
X0816_5007_20161018,lumos1,DDA,bad
X0817_5007_20161021,lumos1,DDA,bad
X0818_5007_20161024,lumos1,DDA,bad
X0819_5007_20161026,lumos1,DDA,bad
X0820_5007_20161028,lumos1,DDA,bad
X0821_5007_20161031,lumos1,DDA,bad
X0822_5007_20161102,lumos1,DDA,bad
X0823_5007_20161103,lumos1,DDA,bad
X0824_5007_20161107,lumos1,DDA,good
X0825_5007_20161110,lumos1,DDA,bad
X0826_5007_20161112,lumos1,DDA,bad
X0827_5007_20161113,lumos1,DDA,bad
X0828_5007_20161114,lumos1,DDA,bad
X0829_5007_20161117,lumos1,DDA,good
X0830_5007_20161121,lumos1,DDA,good
X0831_5007_20161125,lumos1,DDA,good
X0832_5007_20161126,lumos1,DDA,good
X0833_5007_20161201,lumos1,DDA,good
X0834_5007_20161203,lumos1,DDA,good
X0835_5007_20161205,lumos1,DDA,bad
X0836_5007_20161206,lumos1,DDA,bad
X0837_5007_20161208,lumos1,DDA,bad
X0838_5007_20161209,lumos1,DDA,bad
X0839_5007_20161211,lumos1,DDA,bad
X0840_5007_20161221,lumos1,DDA,good
X0481_5005_20160127,qe_hf3,DDA,bad
X0482_5005_20160215,qe_hf3,DDA,bad
X0483_5005_20160216,qe_hf3,DDA,bad
X0484_5005_20160217,qe_hf3,DDA,bad
X0485_5005_20160222,qe_hf3,DDA,bad
X0486_5005_20160225,qe_hf3,DDA,bad
X0487_5005_20160304,qe_hf3,DDA,bad
X0488_5005_20160316,qe_hf3,DDA,bad
X0489_5005_20160317,qe_hf3,DDA,good
X0490_5005_20160319,qe_hf3,DDA,bad
X0491_5005_20160326,qe_hf3,DDA,good
X0492_5005_20160328,qe_hf3,DDA,bad
X0493_5005_20160329,qe_hf3,DDA,bad
X0494_5005_20160330,qe_hf3,DDA,bad
X0495_5005_20160331,qe_hf3,DDA,bad
X0496_5005_20160401,qe_hf3,DDA,bad
X0497_5005_20160404,qe_hf3,DDA,good
X0498_5005_20160406,qe_hf3,DDA,good
X0499_5005_20160407,qe_hf3,DDA,bad
X0500_5005_20160408,qe_hf3,DDA,good
X0501_5005_20160411,qe_hf3,DDA,good
X0502_5005_20160414,qe_hf3,DDA,good
X0503_5005_20160416,qe_hf3,DDA,good
X0504_5005_20160418,qe_hf3,DDA,good
X0505_5005_20160420,qe_hf3,DDA,good
X0506_5005_20160501,qe_hf3,DDA,good
X0507_5005_20160506,qe_hf3,DDA,good
X0508_5005_20160509,qe_hf3,DDA,bad
X0509_5005_20160517,qe_hf3,DDA,good
X0510_5005_20160601,qe_hf3,DDA,bad
X0511_5005_20160603,qe_hf3,DDA,good
X0512_5005_20160604,qe_hf3,DDA,good
X0513_5005_20160607,qe_hf3,DDA,good
X0514_5005_20160609,qe_hf3,DDA,good
X0515_5005_20160611,qe_hf3,DDA,good
X0516_5005_20160613,qe_hf3,DDA,good
X0517_5005_20160614,qe_hf3,DDA,good
X0518_5005_20160617,qe_hf3,DDA,good
X0519_5005_20160620,qe_hf3,DDA,good
X0520_5005_20160623,qe_hf3,DDA,good
X0521_5005_20160625,qe_hf3,DDA,good
X0522_5005_20160627,qe_hf3,DDA,good
X0523_5005_20160628,qe_hf3,DDA,good
X0524_5005_20160629,qe_hf3,DDA,good
X0525_5005_20160701,qe_hf3,DDA,good
X0526_5005_20160702,qe_hf3,DDA,good
X0527_5005_20160703,qe_hf3,DDA,good
X0528_5005_20160705,qe_hf3,DDA,good
X0529_5005_20160706,qe_hf3,DDA,good
X0530_5005_20160707,qe_hf3,DDA,good
X0531_5005_20160710,qe_hf3,DDA,good
X0532_5005_20160711,qe_hf3,DDA,good
X0533_5005_20160714,qe_hf3,DDA,good
X0534_5005_20160717,qe_hf3,DDA,good
X0535_5005_20160718,qe_hf3,DDA,good
X0536_5005_20160721,qe_hf3,DDA,good
X0537_5005_20160724,qe_hf3,DDA,good
X0538_5005_20160725,qe_hf3,DDA,good
X0539_5005_20160726,qe_hf3,DDA,good
X0540_5005_20160731,qe_hf3,DDA,good
X0541_5005_20160801,qe_hf3,DDA,good
X0542_5005_20160803,qe_hf3,DDA,good
X0543_5005_20160804,qe_hf3,DDA,good
X0544_5005_20160805,qe_hf3,DDA,good
X0545_5005_20160808,qe_hf3,DDA,good
X0546_5005_20160809,qe_hf3,DDA,good
X0547_5005_20160811,qe_hf3,DDA,good
X0548_5005_20160813,qe_hf3,DDA,good
X0549_5005_20160817,qe_hf3,DDA,good
X0550_5005_20160819,qe_hf3,DDA,good
X0551_5005_20160822,qe_hf3,DDA,good
X0552_5005_20160824,qe_hf3,DDA,good
X0553_5005_20160825,qe_hf3,DDA,good
X0554_5005_20160830,qe_hf3,DDA,good
X0555_5005_20160901,qe_hf3,DDA,good
X0556_5005_20160905,qe_hf3,DDA,good
X0557_5005_20160907,qe_hf3,DDA,good
X0558_5005_20160908,qe_hf3,DDA,good
X0559_5005_20160911,qe_hf3,DDA,good
X0560_5005_20160912,qe_hf3,DDA,good
X0561_5005_20160917,qe_hf3,DDA,good
X0562_5005_20160918,qe_hf3,DDA,good
X0563_5005_20160919,qe_hf3,DDA,good
X0564_5005_20160921,qe_hf3,DDA,good
X0565_5005_20160925,qe_hf3,DDA,bad
X0566_5005_20160930,qe_hf3,DDA,bad
X0567_5005_20161002,qe_hf3,DDA,bad
X0568_5005_20161003,qe_hf3,DDA,bad
X0569_5005_20161005,qe_hf3,DDA,bad
X0570_5005_20161006,qe_hf3,DDA,bad
X0571_5005_20161010,qe_hf3,DDA,bad
X0572_5005_20161012,qe_hf3,DDA,bad
X0573_5005_20161016,qe_hf3,DDA,bad
X0574_5005_20161019,qe_hf3,DDA,bad
X0575_5005_20161021,qe_hf3,DDA,bad
X0576_5005_20161023,qe_hf3,DDA,bad
X0577_5005_20161025,qe_hf3,DDA,bad
X0578_5005_20161028,qe_hf3,DDA,bad
X0579_5005_20161031,qe_hf3,DDA,bad
X0580_5005_20161102,qe_hf3,DDA,bad
X0581_5005_20161104,qe_hf3,DDA,bad
X0582_5005_20161108,qe_hf3,DDA,bad
X0583_5005_20161110,qe_hf3,DDA,bad
X0584_5005_20161112,qe_hf3,DDA,bad
X0585_5005_20161115,qe_hf3,DDA,bad
X0586_5005_20161117,qe_hf3,DDA,bad
X0587_5005_20161124,qe_hf3,DDA,bad
X0588_5005_20161126,qe_hf3,DDA,bad
X0589_5005_20161127,qe_hf3,DDA,bad
X0590_5005_20161130,qe_hf3,DDA,good
X0591_5005_20161203,qe_hf3,DDA,good
X0592_5005_20161207,qe_hf3,DDA,good
X0593_5005_20161215,qe_hf3,DDA,good
X0594_5005_20161219,qe_hf3,DDA,bad
X0595_5005_20161221,qe_hf3,DDA,bad
X0596_5005_20161222,qe_hf3,DDA,bad
X0597_5005_20161223,qe_hf3,DDA,bad
X0598_5005_20161225,qe_hf3,DDA,bad
X0599_5005_20161227,qe_hf3,DDA,bad
X0600_5005_20161229,qe_hf3,DDA,bad
X0601_5006_20160101,qe_hf4,DDA,bad
X0602_5006_20160104,qe_hf4,DDA,bad
X0603_5006_20160107,qe_hf4,DDA,bad
X0604_5006_20160109,qe_hf4,DDA,bad
X0605_5006_20160123,qe_hf4,DDA,bad
X0606_5006_20160128,qe_hf4,DDA,bad
X0607_5006_20160129,qe_hf4,DDA,bad
X0608_5006_20160215,qe_hf4,DDA,bad
X0609_5006_20160217,qe_hf4,DDA,bad
X0610_5006_20160218,qe_hf4,DDA,bad
X0611_5006_20160220,qe_hf4,DDA,bad
X0612_5006_20160222,qe_hf4,DDA,bad
X0613_5006_20160224,qe_hf4,DDA,bad
X0614_5006_20160303,qe_hf4,DDA,bad
X0615_5006_20160312,qe_hf4,DDA,bad
X0616_5006_20160318,qe_hf4,DDA,good
X0617_5006_20160319,qe_hf4,DDA,good
X0618_5006_20160322,qe_hf4,DDA,bad
X0619_5006_20160324,qe_hf4,DDA,bad
X0620_5006_20160328,qe_hf4,DDA,bad
X0621_5006_20160329,qe_hf4,DDA,bad
X0622_5006_20160330,qe_hf4,DDA,bad
X0623_5006_20160401,qe_hf4,DDA,bad
X0624_5006_20160405,qe_hf4,DDA,bad
X0625_5006_20160406,qe_hf4,DDA,good
X0626_5006_20160408,qe_hf4,DDA,good
X0627_5006_20160410,qe_hf4,DDA,good
X0628_5006_20160411,qe_hf4,DDA,bad
X0629_5006_20160415,qe_hf4,DDA,good
X0630_5006_20160419,qe_hf4,DDA,good
X0631_5006_20160422,qe_hf4,DDA,bad
X0632_5006_20160504,qe_hf4,DDA,good
X0633_5006_20160505,qe_hf4,DDA,bad
X0634_5006_20160506,qe_hf4,DDA,good
X0635_5006_20160508,qe_hf4,DDA,good
X0636_5006_20160509,qe_hf4,DDA,good
X0637_5006_20160511,qe_hf4,DDA,good
X0638_5006_20160512,qe_hf4,DDA,good
X0639_5006_20160519,qe_hf4,DDA,good
X0640_5006_20160521,qe_hf4,DDA,bad
X0641_5006_20160601,qe_hf4,DDA,good
X0642_5006_20160609,qe_hf4,DDA,good
X0643_5006_20160611,qe_hf4,DDA,good
X0644_5006_20160614,qe_hf4,DDA,good
X0645_5006_20160616,qe_hf4,DDA,good
X0646_5006_20160619,qe_hf4,DDA,good
X0647_5006_20160622,qe_hf4,DDA,good
X0648_5006_20160624,qe_hf4,DDA,good
X0649_5006_20160625,qe_hf4,DDA,good
X0650_5006_20160627,qe_hf4,DDA,good
X0651_5006_20160629,qe_hf4,DDA,bad
X0652_5006_20160701,qe_hf4,DDA,good
X0653_5006_20160703,qe_hf4,DDA,bad
X0654_5006_20160705,qe_hf4,DDA,good
X0655_5006_20160707,qe_hf4,DDA,good
X0656_5006_20160711,qe_hf4,DDA,good
X0657_5006_20160712,qe_hf4,DDA,good
X0658_5006_20160713,qe_hf4,DDA,good
X0659_5006_20160715,qe_hf4,DDA,good
X0660_5006_20160718,qe_hf4,DDA,good
X0661_5006_20160719,qe_hf4,DDA,good
X0662_5006_20160720,qe_hf4,DDA,good
X0663_5006_20160721,qe_hf4,DDA,good
X0664_5006_20160727,qe_hf4,DDA,good
X0665_5006_20160729,qe_hf4,DDA,good
X0666_5006_20160801,qe_hf4,DDA,good
X0667_5006_20160805,qe_hf4,DDA,good
X0668_5006_20160808,qe_hf4,DDA,good
X0669_5006_20160810,qe_hf4,DDA,good
X0670_5006_20160812,qe_hf4,DDA,good
X0671_5006_20160816,qe_hf4,DDA,good
X0672_5006_20160819,qe_hf4,DDA,good
X0673_5006_20160820,qe_hf4,DDA,good
X0674_5006_20160822,qe_hf4,DDA,good
X0675_5006_20160823,qe_hf4,DDA,good
X0676_5006_20160825,qe_hf4,DDA,good
X0677_5006_20160826,qe_hf4,DDA,good
X0678_5006_20160828,qe_hf4,DDA,good
X0679_5006_20160901,qe_hf4,DDA,good
X0680_5006_20160903,qe_hf4,DDA,good
X0681_5006_20160905,qe_hf4,DDA,good
X0682_5006_20160906,qe_hf4,DDA,good
X0683_5006_20160907,qe_hf4,DDA,good
X0684_5006_20160908,qe_hf4,DDA,good
X0685_5006_20160912,qe_hf4,DDA,good
X0686_5006_20160918,qe_hf4,DDA,good
X0687_5006_20160919,qe_hf4,DDA,good
X0688_5006_20160921,qe_hf4,DDA,good
X0689_5006_20160921,qe_hf4,DDA,good
X0690_5006_20160924,qe_hf4,DDA,good
X0691_5006_20160925,qe_hf4,DDA,good
X0692_5006_20160928,qe_hf4,DDA,bad
X0693_5006_20160930,qe_hf4,DDA,bad
X0694_5006_20161002,qe_hf4,DDA,good
X0695_5006_20161004,qe_hf4,DDA,good
X0696_5006_20161005,qe_hf4,DDA,good
X0697_5006_20161007,qe_hf4,DDA,good
X0698_5006_20161009,qe_hf4,DDA,bad
X0699_5006_20161012,qe_hf4,DDA,good
X0700_5006_20161017,qe_hf4,DDA,good
X0701_5006_20161020,qe_hf4,DDA,bad
X0702_5006_20161025,qe_hf4,DDA,bad
X0703_5006_20161028,qe_hf4,DDA,bad
X0704_5006_20161031,qe_hf4,DDA,bad
X0705_5006_20161102,qe_hf4,DDA,bad
X0706_5006_20161104,qe_hf4,DDA,bad
X0707_5006_20161106,qe_hf4,DDA,bad
X0708_5006_20161107,qe_hf4,DDA,bad
X0709_5006_20161111,qe_hf4,DDA,bad
X0710_5006_20161124,qe_hf4,DDA,good
X0711_5006_20161125,qe_hf4,DDA,bad
X0712_5006_20161128,qe_hf4,DDA,good
X0713_5006_20161201,qe_hf4,DDA,good
X0714_5006_20161205,qe_hf4,DDA,good
X0715_5006_20161207,qe_hf4,DDA,good
X0716_5006_20161208,qe_hf4,DDA,good
X0717_5006_20161214,qe_hf4,DDA,bad
X0718_5006_20161221,qe_hf4,DDA,bad
X0719_5006_20161223,qe_hf4,DDA,bad
X0720_5006_20161225,qe_hf4,DDA,bad
X0121_5002_20160104,qe_plus,DDA,bad
X0122_5002_20160108,qe_plus,DDA,bad
X0123_5002_20160111,qe_plus,DDA,bad
X0124_5002_20160115,qe_plus,DDA,bad
X0125_5002_20160117,qe_plus,DDA,bad
X0126_5002_20160119,qe_plus,DDA,bad
X0127_5002_20160121,qe_plus,DDA,bad
X0128_5002_20160125,qe_plus,DDA,bad
X0129_5002_20160127,qe_plus,DDA,bad
X0130_5002_20160129,qe_plus,DDA,bad
X0131_5002_20160131,qe_plus,DDA,bad
X0132_5002_20160216,qe_plus,DDA,bad
X0133_5002_20160222,qe_plus,DDA,bad
X0134_5002_20160223,qe_plus,DDA,bad
X0135_5002_20160224,qe_plus,DDA,bad
X0136_5002_20160225,qe_plus,DDA,bad
X0137_5002_20160305,qe_plus,DDA,bad
X0138_5002_20160309,qe_plus,DDA,bad
X0139_5002_20160314,qe_plus,DDA,good
X0140_5002_20160315,qe_plus,DDA,good
X0141_5002_20160319,qe_plus,DDA,good
X0142_5002_20160321,qe_plus,DDA,good
X0143_5002_20160328,qe_plus,DDA,good
X0144_5002_20160330,qe_plus,DDA,bad
X0145_5002_20160401,qe_plus,DDA,good
X0146_5002_20160405,qe_plus,DDA,good
X0147_5002_20160406,qe_plus,DDA,good
X0148_5002_20160412,qe_plus,DDA,good
X0149_5002_20160415,qe_plus,DDA,good
X0150_5002_20160418,qe_plus,DDA,good
X0151_5002_20160420,qe_plus,DDA,good
X0152_5002_20160504,qe_plus,DDA,bad
X0153_5002_20160505,qe_plus,DDA,bad
X0154_5002_20160507,qe_plus,DDA,good
X0155_5002_20160509,qe_plus,DDA,good
X0156_5002_20160511,qe_plus,DDA,good
X0157_5002_20160512,qe_plus,DDA,good
X0158_5002_20160515,qe_plus,DDA,good
X0159_5002_20160517,qe_plus,DDA,good
X0160_5002_20160522,qe_plus,DDA,good
X0161_5002_20160526,qe_plus,DDA,good
X0162_5002_20160528,qe_plus,DDA,bad
X0163_5002_20160531,qe_plus,DDA,good
X0164_5002_20160602,qe_plus,DDA,good
X0165_5002_20160603,qe_plus,DDA,good
X0166_5002_20160604,qe_plus,DDA,good
X0167_5002_20160606,qe_plus,DDA,good
X0168_5002_20160607,qe_plus,DDA,good
X0169_5002_20160612,qe_plus,DDA,good
X0170_5002_20160615,qe_plus,DDA,good
X0171_5002_20160619,qe_plus,DDA,good
X0172_5002_20160622,qe_plus,DDA,good
X0173_5002_20160624,qe_plus,DDA,bad
X0174_5002_20160626,qe_plus,DDA,good
X0175_5002_20160627,qe_plus,DDA,good
X0176_5002_20160630,qe_plus,DDA,good
X0177_5002_20160702,qe_plus,DDA,good
X0178_5002_20160705,qe_plus,DDA,good
X0179_5002_20160707,qe_plus,DDA,good
X0180_5002_20160711,qe_plus,DDA,good
X0181_5002_20160714,qe_plus,DDA,good
X0182_5002_20160716,qe_plus,DDA,good
X0183_5002_20160717,qe_plus,DDA,good
X0184_5002_20160718,qe_plus,DDA,good
X0185_5002_20160720,qe_plus,DDA,good
X0186_5002_20160725,qe_plus,DDA,good
X0187_5002_20160728,qe_plus,DDA,good
X0188_5002_20160801,qe_plus,DDA,good
X0189_5002_20160805,qe_plus,DDA,good
X0190_5002_20160806,qe_plus,DDA,good
X0191_5002_20160808,qe_plus,DDA,good
X0192_5002_20160811,qe_plus,DDA,good
X0193_5002_20160814,qe_plus,DDA,good
X0194_5002_20160817,qe_plus,DDA,good
X0195_5002_20160819,qe_plus,DDA,good
X0196_5002_20160827,qe_plus,DDA,good
X0197_5002_20160828,qe_plus,DDA,good
X0198_5002_20160829,qe_plus,DDA,good
X0199_5002_20160830,qe_plus,DDA,good
X0200_5002_20160901,qe_plus,DDA,good
X0201_5002_20160902,qe_plus,DDA,good
X0202_5002_20160904,qe_plus,DDA,good
X0203_5002_20160907,qe_plus,DDA,good
X0204_5002_20160910,qe_plus,DDA,good
X0205_5002_20160914,qe_plus,DDA,good
X0206_5002_20160915,qe_plus,DDA,good
X0207_5002_20160919,qe_plus,DDA,good
X0208_5002_20160921,qe_plus,DDA,good
X0209_5002_20160926,qe_plus,DDA,good
X0210_5002_20160928,qe_plus,DDA,good
X0211_5002_20160930,qe_plus,DDA,good
X0212_5002_20161002,qe_plus,DDA,good
X0213_5002_20161005,qe_plus,DDA,good
X0214_5002_20161007,qe_plus,DDA,good
X0215_5002_20161009,qe_plus,DDA,good
X0216_5002_20161012,qe_plus,DDA,good
X0217_5002_20161015,qe_plus,DDA,good
X0218_5002_20161017,qe_plus,DDA,good
X0219_5002_20161019,qe_plus,DDA,bad
X0220_5002_20161022,qe_plus,DDA,bad
X0221_5002_20161025,qe_plus,DDA,bad
X0222_5002_20161028,qe_plus,DDA,bad
X0223_5002_20161031,qe_plus,DDA,bad
X0224_5002_20161102,qe_plus,DDA,bad
X0225_5002_20161105,qe_plus,DDA,bad
X0226_5002_20161107,qe_plus,DDA,bad
X0227_5002_20161110,qe_plus,DDA,bad
X0228_5002_20161113,qe_plus,DDA,bad
X0229_5002_20161113,qe_plus,DDA,bad
X0230_5002_20161117,qe_plus,DDA,good
X0231_5002_20161120,qe_plus,DDA,bad
X0232_5002_20161125,qe_plus,DDA,good
X0233_5002_20161127,qe_plus,DDA,good
X0234_5002_20161208,qe_plus,DDA,good
X0235_5002_20161211,qe_plus,DDA,good
X0236_5002_20161216,qe_plus,DDA,good
X0237_5002_20161221,qe_plus,DDA,good
X0238_5002_20161226,qe_plus,DDA,good
X0239_5002_20161229,qe_plus,DDA,good
X0240_5002_20161231,qe_plus,DDA,good
[44] 20260111_astral_zoom_TWOcolumn_1114ES906_180spd_7min_200ng_293T_1103WSS0111_R1.raw.PEP.MS2Quantity,m3,DIA,good
[45] 20260111_astral_zoom_TWOcolumn_1114ES906_180spd_7min_200ng_293T_1103WSS0111_R2.raw.PEP.MS2Quantity,m3,DIA,good
[46] 20260111_astral_zoom_TWOcolumn_1114ES906_180spd_7min_200ng_293T_1103WSS0111_R3.raw.PEP.MS2Quantity,m3,DIA,good
[47] 20260111_astral_zoom_TWOcolumn_1114ES906_180spd_7min_200ng_293T_1103WSS0111_R4.raw.PEP.MS2Quantity,m3,DIA,good
[48] 20260111_astral_zoom_TWOcolumn_1114ES906_180spd_7min_200ng_293T_1103WSS0111_R5.raw.PEP.MS2Quantity,m3,DIA,good
[49] 20260111_astral_zoom_TWOcolumn_1114ES906_180spd_7min_200ng_293T_1103WSS0111_R6.raw.PEP.MS2Quantity,m3,DIA,good
[50] 20260113_astral_zoom_TWOcolumn_1114ES906_180spd_7min_200ng_293T_1103WSS0111_R1.raw.PEP.MS2Quantity,m3,DIA,bad
[51] 20260113_astral_zoom_TWOcolumn_1114ES906_180spd_7min_200ng_293T_1103WSS0111_R2.raw.PEP.MS2Quantity,m3,DIA,bad
[52] 20260113_astral_zoom_TWOcolumn_1114ES906_180spd_7min_200ng_293T_1103WSS0111_R3.raw.PEP.MS2Quantity,m3,DIA,bad
[53] 20260114_astral_zoom_TWOcolumn_1114ES906_180spd_7min_200ng_293T_1103WSS0111_R4.raw.PEP.MS2Quantity,m3,DIA,bad
[54] 20260115_astral_zoom_TWOcolumn_1114ES906_180spd_7min_200ng_293T_1103WSS0111_R1.raw.PEP.MS2Quantity,m3,DIA,good
[55] 20260115_astral_zoom_TWOcolumn_1114ES906_180spd_7min_200ng_293T_1103WSS0111_R2.raw.PEP.MS2Quantity,m3,DIA,good
[56] 20260115_astral_zoom_TWOcolumn_1114ES906_180spd_7min_200ng_293T_1103WSS0111_R3.raw.PEP.MS2Quantity,m3,DIA,good
[57] 20260116_astral_zoom_TWOcolumn_1114ES906_180spd_7min_200ng_293T_1103WSS0111_R1.raw.PEP.MS2Quantity,m3,DIA,bad
[58] 20260116_astral_zoom_TWOcolumn_1114ES906_180spd_7min_200ng_293T_1103WSS0111_R2.raw.PEP.MS2Quantity,m3,DIA,good
[59] 20260213_astral_zoom_TWOcolumn_1114ES906_180spd_7min_200ng_293T_1103WSS0213_R8.raw.PEP.MS2Quantity,m3,DIA,good
[60] 20260213_astral_zoom_TWOcolumn_1114ES906_180spd_7min_200ng_293T_1103WSS0213_R9.raw.PEP.MS2Quantity,m3,DIA,good
[61] 20260213_astral_zoom_TWOcolumn_1114ES906_180spd_7min_200ng_293T_1103WSS0213_R10.raw.PEP.MS2Quantity,m3,DIA,bad
[62] 20260213_astral_zoom_TWOcolumn_1114ES906_180spd_7min_200ng_293T_1103WSS0213_R11.raw.PEP.MS2Quantity,m3,DIA,bad
[63] 20260213_astral_zoom_TWOcolumn_1114ES906_180spd_7min_200ng_293T_1103WSS0213_R12.raw.PEP.MS2Quantity,m3,DIA,bad
[64] 20260213_astral_zoom_TWOcolumn_1114ES906_180spd_7min_200ng_293T_1103WSS0213_R13.raw.PEP.MS2Quantity,m3,DIA,bad
[65] 20260224_astral_zoom_TWOcolumn_1114ES906_180spd_7min_200ng_293T_1103WSS0213_R1.raw.PEP.MS2Quantity,m3,DIA,good
[66] 20260224_astral_zoom_TWOcolumn_1114ES906_180spd_7min_200ng_293T_1103WSS0213_R2.raw.PEP.MS2Quantity,m3,DIA,good
[67] 20260224_astral_zoom_TWOcolumn_1114ES906_180spd_7min_200ng_293T_1103WSS0213_R3.raw.PEP.MS2Quantity,m3,DIA,good
[68] 20260224_astral_zoom_TWOcolumn_1114ES906_180spd_7min_200ng_293T_1103WSS0213_R4.raw.PEP.MS2Quantity,m3,DIA,good
[69] 20260224_astral_zoom_TWOcolumn_1114ES906_180spd_7min_200ng_293T_1103WSS0213_R5.raw.PEP.MS2Quantity,m3,DIA,good
[70] 20260224_astral_zoom_TWOcolumn_1114ES906_180spd_7min_200ng_293T_1103WSS0213_R6.raw.PEP.MS2Quantity,m3,DIA,good
[71] 20260224_astral_zoom_TWOcolumn_1114ES906_180spd_7min_200ng_293T_1103WSS0213_R7.raw.PEP.MS2Quantity,m3,DIA,good
[72] 20260224_astral_zoom_TWOcolumn_1114ES906_180spd_7min_200ng_293T_1103WSS0213_R8.raw.PEP.MS2Quantity,m3,DIA,good
[73] 20260224_astral_zoom_TWOcolumn_1114ES906_180spd_7min_200ng_293T_1103WSS0213_R9.raw.PEP.MS2Quantity,m3,DIA,good
[74] 20260224_astral_zoom_TWOcolumn_1114ES906_180spd_7min_200ng_293T_1103WSS0213_R10.raw.PEP.MS2Quantity,m3,DIA,good
[75] 20260224_astral_zoom_TWOcolumn_1114ES906_180spd_7min_200ng_293T_1103WSS0213_R11.raw.PEP.MS2Quantity,m3,DIA,good
[76] 20260224_astral_zoom_TWOcolumn_1114ES906_180spd_7min_200ng_293T_1103WSS0213_R12.raw.PEP.MS2Quantity,m3,DIA,good
[77] 20260225_astral_zoom_TWOcolumn_1114ES906_180spd_7min_200ng_293T_1103WSS0213_R1.raw.PEP.MS2Quantity,m3,DIA,good
[78] 20260225_astral_zoom_TWOcolumn_1114ES906_180spd_7min_200ng_293T_1103WSS0213_R2.raw.PEP.MS2Quantity,m3,DIA,good
[79] 20260225_astral_zoom_TWOcolumn_1114ES906_180spd_7min_200ng_293T_1103WSS0213_R3.raw.PEP.MS2Quantity,m3,DIA,good
[80] 20260227_astral_zoom_TWOcolumn_1114ES906_180spd_7min_200ng_293T_1103WSS0213_R1.raw.PEP.MS2Quantity,m3,DIA,good
[81] 20260227_astral_zoom_TWOcolumn_1114ES906_180spd_7min_200ng_293T_1103WSS0213_R2.raw.PEP.MS2Quantity,m3,DIA,good
[82] 20260227_astral_zoom_TWOcolumn_1114ES906_180spd_7min_200ng_293T_1103WSS0213_R3.raw.PEP.MS2Quantity,m3,DIA,good
